Date,Actual_Sales,Predicted_Sales,Error,Absolute_Error,Percentage_Error
2024-03-16,1650,1082.12309174104,567.876908258955,567.876908258955,34.4167823187246
2024-03-17,1285,1254.7946852535,30.2053147465012,30.2053147465012,2.3506081514787
2024-03-18,1286,990.214374425087,295.785625574913,295.785625574913,23.0004374475049
2024-03-19,1955,1166.47646599925,788.52353400075,788.52353400075,40.3336846036189
2024-03-20,1108,1074.12868981233,33.8713101876749,33.8713101876749,3.05697745376127
2024-03-21,892,997.230494369706,-105.230494369706,105.230494369706,11.7971406244065
2024-03-22,891,1030.74384165954,-139.743841659538,139.743841659538,15.6839328461883
2024-03-23,1647,1057.76668703637,589.233312963629,589.233312963629,35.7761574355573
2024-03-24,1909,1109.5818755829,799.4181244171,799.4181244171,41.8762768159822
2024-03-25,1394,1083.53365698653,310.466343013469,310.466343013469,22.2716171458729
2024-03-26,591,1026.67599403565,-435.675994035654,435.675994035654,73.7184423072173
2024-03-27,307,1039.19451211477,-732.194512114766,732.194512114766,238.499841079728
2024-03-28,1662,1016.94737437554,645.052625624464,645.052625624464,38.8118306633251
2024-03-29,1707,1182.92849531795,524.071504682049,524.071504682049,30.7013183762185
2024-03-30,1183,1110.19385763715,72.8061423628512,72.8061423628512,6.15436537302208
2024-03-31,529,1016.15154529682,-487.151545296818,487.151545296818,92.0891389975081
2024-04-01,1084,959.222835022176,124.777164977824,124.777164977824,11.5108085772901
2024-04-02,1780,990.530428102825,789.469571897175,789.469571897175,44.3522231402907
2024-04-03,1728,1118.03516906628,609.96483093372,609.96483093372,35.2988906790347
2024-04-04,1432,1089.8230932881,342.176906711901,342.176906711901,23.8950353849093
2024-04-05,619,1147.29858071853,-528.298580718526,528.298580718526,85.3471051241561
2024-04-06,690,1129.04691114402,-439.046911144025,439.046911144025,63.6299871223224
2024-04-07,1150,952.816253629956,197.183746370044,197.183746370044,17.1464127278299
2024-04-08,1809,1079.9640157404,729.035984259599,729.035984259599,40.3004966423217
2024-04-09,1685,1021.39709848081,663.602901519188,663.602901519188,39.3829615144919
2024-04-10,298,959.893320605407,-661.893320605407,661.893320605407,222.11185255215
2024-04-11,486,1034.16059104634,-548.160591046335,548.160591046335,112.790245071262
2024-04-12,448,1034.94832586444,-586.948325864438,586.948325864438,131.015251309026
2024-04-13,1059,1147.92694108111,-88.9269410811132,88.9269410811132,8.39725600388227
2024-04-14,792,1011.48728878316,-219.487288783156,219.487288783156,27.7130415130248
2024-04-15,1659,1114.41141384076,544.588586159243,544.588586159243,32.8263162241858
2024-04-16,1951,1104.07841205817,846.921587941832,846.921587941832,43.4096149637023
2024-04-17,477,1116.48861016298,-639.48861016298,639.48861016298,134.064698147375
2024-04-18,998,1110.55457571777,-112.554575717765,112.554575717765,11.2780135989745
2024-04-19,1015,1020.11014504535,-5.11014504535206,5.11014504535206,0.503462566044537
2024-04-20,1681,1005.83744882583,675.162551174173,675.162551174173,40.1643397486123
2024-04-21,626,1049.45369053826,-423.453690538259,423.453690538259,67.644359510904
2024-04-22,1276,934.05588491535,341.94411508465,341.94411508465,26.7981281414302
2024-04-23,833,997.763661836718,-164.763661836718,164.763661836718,19.7795512409025
2024-04-24,305,1054.02449226299,-749.024492262994,749.024492262994,245.581800741965
2024-04-25,554,989.822775396608,-435.822775396608,435.822775396608,78.6683710102181
2024-04-26,1396,1141.31838290823,254.68161709177,254.68161709177,18.2436688461153
2024-04-27,1359,1015.11748111787,343.882518882126,343.882518882126,25.3040852746229
2024-04-28,1975,1095.66980561403,879.33019438597,879.33019438597,44.5230478170111
2024-04-29,1863,1022.51280146123,840.487198538768,840.487198538768,45.114718118023
2024-04-30,620,1103.71833648356,-483.71833648356,483.71833648356,78.0190865296065
2024-05-01,1801,1042.06490393137,758.935096068629,758.935096068629,42.1396499760483
2024-05-02,1116,1165.39685710716,-49.3968571071566,49.3968571071566,4.42624167626851
2024-05-03,1055,1126.46583407838,-71.4658340783801,71.4658340783801,6.7740127088512
2024-05-04,1954,995.675120108161,958.324879891839,958.324879891839,49.0442620210767
2024-05-05,825,1169.17233382514,-344.172333825137,344.172333825137,41.7178586454711
2024-05-06,1113,1114.65431174934,-1.65431174933588,1.65431174933588,0.148635377298821
2024-05-07,600,1019.29905906214,-419.299059062144,419.299059062144,69.8831765103574
2024-05-08,216,988.532307019888,-772.532307019888,772.532307019888,357.653845842541
2024-05-09,485,1009.45622529706,-524.456225297061,524.456225297061,108.135304184961
2024-05-10,1467,1109.12614538234,357.873854617659,357.873854617659,24.3949457817082
2024-05-11,683,1034.16376699678,-351.163766996778,351.163766996778,51.4148999995283
2024-05-12,494,970.372872476891,-476.372872476891,476.372872476891,96.4317555621237
2024-05-13,1187,1017.80425565296,169.195744347044,169.195744347044,14.2540643931798
2024-05-14,1840,1112.76210195703,727.237898042971,727.237898042971,39.5237988066832
2024-05-15,820,1098.63539169,-278.635391690001,278.635391690001,33.9799258158538
2024-05-16,171,1178.31907367076,-1007.31907367076,1007.31907367076,589.075481678809
2024-05-17,1912,1124.25991469874,787.740085301262,787.740085301262,41.1997952563422
2024-05-18,373,1003.86857604692,-630.868576046921,630.868576046921,169.133666500515
2024-05-19,1443,974.352901899424,468.647098100576,468.647098100576,32.4772763756463
2024-05-20,437,1093.90579424053,-656.905794240533,656.905794240533,150.321692045889
2024-05-21,1489,893.300819845453,595.699180154547,595.699180154547,40.0066608565847
2024-05-22,1618,1096.94881121436,521.051188785636,521.051188785636,32.2034109261827
2024-05-23,706,906.078522242867,-200.078522242867,200.078522242867,28.3397340287347
2024-05-24,265,960.387886866779,-695.387886866779,695.387886866779,262.410523345954
2024-05-25,1667,1105.89956361223,561.100436387766,561.100436387766,33.6592943244011
2024-05-26,110,895.090296148703,-785.090296148703,785.090296148703,713.718451044276
2024-05-27,1424,1122.76318461435,301.236815385647,301.236815385647,21.1542707433741
2024-05-28,828,994.319931545578,-166.319931545578,166.319931545578,20.0869482542968
2024-05-29,900,985.476362591656,-85.4763625916555,85.4763625916555,9.49737362129506
2024-05-30,201,1165.27009107559,-964.270091075587,964.270091075587,479.736363719198
2024-05-31,1548,1064.83117621894,483.168823781063,483.168823781063,31.2124563166061
2024-06-01,1515,963.404048824369,551.595951175631,551.595951175631,36.4089736749591
2024-06-02,878,910.456303931941,-32.4563039319411,32.4563039319411,3.69661775990217
2024-06-03,313,964.676718950031,-651.676718950031,651.676718950031,208.203424584674
2024-06-04,1814,1205.35691850033,608.643081499675,608.643081499675,33.5525403252301
2024-06-05,1211,1145.48715885113,65.5128411488674,65.5128411488674,5.40981347224339
2024-06-06,1676,1007.2313546282,668.768645371803,668.768645371803,39.9026638050002
2024-06-07,500,887.680208847535,-387.680208847535,387.680208847535,77.536041769507
2024-06-08,687,952.965937569417,-265.965937569417,265.965937569417,38.7141102721131
2024-06-09,988,1049.22711184287,-61.2271118428669,61.2271118428669,6.19707609745616
2024-06-10,1169,1129.76312192854,39.2368780714562,39.2368780714562,3.35644808139061
2024-06-11,1795,1089.21475346635,705.785246533645,705.785246533645,39.3195123417073
2024-06-12,1586,1135.50134482741,450.498655172588,450.498655172588,28.4047071357243
2024-06-13,691,976.366368323592,-285.366368323592,285.366368323592,41.2975931003751
2024-06-14,1433,1074.38129711246,358.61870288754,358.61870288754,25.0257294408611
2024-06-15,1209,1096.38907126843,112.61092873157,112.61092873157,9.31438616472873
2024-06-16,191,1189.04757633651,-998.047576336512,998.047576336512,522.537998081943
2024-06-17,1783,1056.00282949696,726.997170503038,726.997170503038,40.7738177511519
2024-06-18,772,963.960911450094,-191.960911450093,191.960911450093,24.8654030375769
2024-06-19,813,1002.60249855643,-189.602498556433,189.602498556433,23.3213405358466
2024-06-20,1035,1089.52337358065,-54.5233735806519,54.5233735806519,5.26795880006298
2024-06-21,341,1038.15378445981,-697.153784459811,697.153784459811,204.443925061528
2024-06-22,1988,906.153732403465,1081.84626759654,1081.84626759654,54.4188263378539
2024-06-23,101,1082.66056010803,-981.660560108033,981.660560108033,971.941148621815
2024-06-24,324,1032.05599517396,-708.055995173957,708.055995173957,218.535800979616
2024-06-25,900,1054.05957798205,-154.059577982046,154.059577982046,17.117730886894
2024-06-26,1868,1174.05260392285,693.947396077153,693.947396077153,37.1492182054151
2024-06-27,688,1080.91034759578,-392.91034759578,392.91034759578,57.1090621505495
2024-06-28,215,1118.90709163808,-903.907091638078,903.907091638078,420.421903087478
2024-06-29,1789,1087.32082416735,701.679175832654,701.679175832654,39.2218656138991
2024-06-30,1017,832.789606519642,184.210393480358,184.210393480358,18.1131163697501
2024-07-01,1226,1063.96053280662,162.039467193379,162.039467193379,13.2169222833099
2024-07-02,293,1045.96749125214,-752.967491252136,752.967491252136,256.985491894927
2024-07-03,1289,936.854023144043,352.145976855957,352.145976855957,27.319315504729
2024-07-04,970,1091.8671334876,-121.867133487601,121.867133487601,12.563622009031
2024-07-05,189,1061.99595181783,-872.995951817831,872.995951817831,461.902620009434
2024-07-06,1809,1027.08013815414,781.919861845862,781.919861845862,43.2238729599703
2024-07-07,221,1029.02892148351,-808.028921483509,808.028921483509,365.623946372628
2024-07-08,242,1036.24740901354,-794.247409013541,794.247409013541,328.201408683281
2024-07-09,1093,1094.06778486183,-1.0677848618277,1.0677848618277,0.0976930340190031
2024-07-10,205,1042.52929359613,-837.52929359613,837.52929359613,408.550874924942
2024-07-11,986,1189.25289727961,-203.252897279611,203.252897279611,20.6138841054372
2024-07-12,527,1020.10479969641,-493.104799696408,493.104799696408,93.5682731871742
2024-07-13,1428,991.964234994677,436.035765005323,436.035765005323,30.5347174373475
2024-07-14,1995,1051.82932212816,943.170677871836,943.170677871836,47.2767257078614
2024-07-15,416,1022.55938167937,-606.559381679367,606.559381679367,145.807543672925
2024-07-16,734,1129.52191101904,-395.521911019036,395.521911019036,53.8858189399231
2024-07-17,108,1092.42245462415,-984.422454624145,984.422454624145,911.502272800134
2024-07-18,873,1199.65178826209,-326.651788262088,326.651788262088,37.4171578765279
2024-07-19,1196,1135.43727496476,60.5627250352429,60.5627250352429,5.06377299625777
2024-07-20,1482,943.809881393808,538.190118606192,538.190118606192,36.3151227129684
2024-07-21,322,1054.9362665053,-732.936266505299,732.936266505299,227.619958542018
2024-07-22,1539,1146.57444455837,392.425555441629,392.425555441629,25.4987365459148
2024-07-23,652,1194.17403896024,-542.174038960242,542.174038960242,83.1555274478899
2024-07-24,1493,1132.69206848995,360.30793151005,360.30793151005,24.1331501346316
2024-07-25,815,1162.2766117674,-347.276611767396,347.276611767396,42.6106272107235
2024-07-26,1387,972.752802324157,414.247197675843,414.247197675843,29.8664165591812
2024-07-27,1963,1014.30718858206,948.692811417944,948.692811417944,48.3287219265382
2024-07-28,1813,1108.01186424293,704.988135757067,704.988135757067,38.8851702017136
2024-07-29,1983,1062.96535057029,920.03464942971,920.03464942971,46.3960993156687
2024-07-30,1441,1157.64425700073,283.355742999267,283.355742999267,19.6638267175064
2024-07-31,1207,979.421921844167,227.578078155833,227.578078155833,18.8548532026374
2024-08-01,1441,1165.55634122977,275.443658770225,275.443658770225,19.1147577217367
2024-08-02,210,1103.86496087307,-893.864960873066,893.864960873066,425.649981368127
2024-08-03,350,1056.87018350487,-706.87018350487,706.87018350487,201.96290957282
2024-08-04,482,933.857471106309,-451.857471106309,451.857471106309,93.7463633000641
2024-08-05,106,914.55945040734,-808.55945040734,808.55945040734,762.791934346547
2024-08-06,558,847.054852531656,-289.054852531656,289.054852531656,51.8019448981462
2024-08-07,1207,1134.85411243545,72.1458875645494,72.1458875645494,5.97728977336781
2024-08-08,307,1044.00414848473,-737.004148484733,737.004148484733,240.066497877763
2024-08-09,999,1114.02010683051,-115.020106830513,115.020106830513,11.5135242072585
2024-08-10,1513,1046.57048655413,466.429513445871,466.429513445871,30.8281238232565
2024-08-11,1437,945.489744475909,491.510255524091,491.510255524091,34.2039147894287
2024-08-12,121,982.119516296483,-861.119516296483,861.119516296483,711.66902173263
2024-08-13,509,1179.49433839147,-670.494338391472,670.494338391472,131.727767856871
2024-08-14,994,1196.30067950345,-202.300679503453,202.300679503453,20.3521810365647
2024-08-15,614,1080.32934491637,-466.329344916373,466.329344916373,75.9494047095069
2024-08-16,1250,1176.63451384892,73.3654861510827,73.3654861510827,5.86923889208661
2024-08-17,908,966.134040951589,-58.1340409515885,58.1340409515885,6.40242741757583
2024-08-18,1823,951.772157111126,871.227842888875,871.227842888875,47.7908855122806
2024-08-19,973,999.511645571898,-26.5116455718984,26.5116455718984,2.72473233010261
2024-08-20,113,1054.73254429501,-941.732544295009,941.732544295009,833.391632119477
2024-08-21,1070,1118.20568985956,-48.2056898595567,48.2056898595567,4.50520465977166
2024-08-22,1077,1048.25687513655,28.7431248634498,28.7431248634498,2.66881382204733
2024-08-23,1113,934.051076077506,178.948923922494,178.948923922494,16.0780704332879
2024-08-24,1135,1087.17766962109,47.8223303789093,47.8223303789093,4.21342117875853
2024-08-25,186,965.587637276721,-779.587637276721,779.587637276721,419.133138320818
2024-08-26,1647,1147.32993542134,499.670064578659,499.670064578659,30.3381945706532
2024-08-27,1008,973.768763343755,34.2312366562447,34.2312366562447,3.3959560174846
2024-08-28,1660,1061.35281962554,598.647180374461,598.647180374461,36.063083155088
2024-08-29,1424,981.445469629896,442.554530370104,442.554530370104,31.0782675821702
2024-08-30,1366,1099.44982413553,266.550175864468,266.550175864468,19.513190034002
2024-08-31,221,1113.47273870385,-892.472738703851,892.472738703851,403.833818418032
2024-09-01,1270,1083.55698987624,186.443010123764,186.443010123764,14.6805519782492
2024-09-02,1690,1093.38236871801,596.617631281993,596.617631281993,35.3028184190528
2024-09-03,849,1058.48618321035,-209.486183210351,209.486183210351,24.6744620978035
2024-09-04,1479,982.078843081125,496.921156918875,496.921156918875,33.598455504995
2024-09-05,784,1067.03485932361,-283.034859323609,283.034859323609,36.1013851178072
2024-09-06,1856,937.039801124781,918.960198875219,918.960198875219,49.5129417497424
2024-09-07,1754,1075.49453586365,678.505464136348,678.505464136348,38.6833217865649
2024-09-08,408,996.108455723153,-588.108455723153,588.108455723153,144.14422934391
2024-09-09,794,812.673106029315,-18.6731060293148,18.6731060293148,2.35177657799934
2024-09-10,387,1021.74769788806,-634.747697888055,634.747697888055,164.01749299433
2024-09-11,406,966.059094894876,-560.059094894876,560.059094894876,137.945589875585
2024-09-12,1935,1124.66289635559,810.337103644408,810.337103644408,41.877886493251
2024-09-13,1717,920.744515083298,796.255484916702,796.255484916702,46.3748098378976
2024-09-14,1013,911.56702505148,101.43297494852,101.43297494852,10.0131268458559
2024-09-15,1846,925.15399345438,920.84600654562,920.84600654562,49.883315630857
2024-09-16,761,1050.07266896093,-289.072668960925,289.072668960925,37.985896052684
2024-09-17,648,1095.71110562065,-447.711105620646,447.711105620646,69.0912200031862
2024-09-18,1475,1029.306789826,445.693210173999,445.693210173999,30.2164888253559
2024-09-19,411,1100.87176846858,-689.871768468578,689.871768468578,167.852011792841
2024-09-20,972,900.949091559956,71.0509084400436,71.0509084400436,7.30976424280284
2024-09-21,1182,983.095852548438,198.904147451562,198.904147451562,16.8277620517396
2024-09-22,1766,1072.41546935894,693.584530641064,693.584530641064,39.2743222333558
2024-09-23,1023,891.791598018582,131.208401981419,131.208401981419,12.8258457459842
2024-09-24,1837,928.930753650776,908.069246349224,908.069246349224,49.4321854300068
2024-09-25,854,914.990177573429,-60.9901775734294,60.9901775734294,7.1417069758114
2024-09-26,134,897.326331239701,-763.326331239701,763.326331239701,569.646515850523
