Date,Forecasted_Sales,Week
2024-09-27,1078.41794859258,39
2024-09-28,1176.12529799741,39
2024-09-29,967.690178047943,39
2024-09-30,958.175196292436,40
2024-10-01,929.291004165477,40
2024-10-02,910.682614909826,40
2024-10-03,826.476681987327,40
2024-10-04,657.749244093711,40
2024-10-05,653.760740239788,40
2024-10-06,783.799961016347,40
2024-10-07,883.180575815356,41
2024-10-08,828.532115420836,41
2024-10-09,846.303872824411,41
2024-10-10,801.611769593313,41
2024-10-11,814.896130636264,41
2024-10-12,803.991778235703,41
2024-10-13,831.61052398215,41
2024-10-14,997.488944213811,42
2024-10-15,1002.92579325086,42
2024-10-16,957.705829857526,42
2024-10-17,931.35656066384,42
2024-10-18,851.122361419399,42
2024-10-19,859.343025713563,42
2024-10-20,905.322098479366,42
2024-10-21,913.007429520047,43
2024-10-22,890.232199947589,43
2024-10-23,875.467907241075,43
2024-10-24,882.343437664355,43
2024-10-25,919.79891182908,43
2024-10-26,884.422688885357,43
